{"time":"15:41:45","dur":6481000,"waveCount":21,"totalDist":"5.4","paddleDist":"4.5","waveDist":"0.85","longestWaveDist":{"i":8,"dist":106},"longestWaveDur":{"i":8,"dur":25000},"longestPaddleDist":{"i":1,"dist":668},"longestPaddleDur":{"i":19,"dur":952000},"beachDirection":"236","beachArrow":{"start":[-43.505473,172.731273],"end":[-43.50547350520939,172.73127258993168]}}