{"time":"10:58:05","dur":9731000,"waveCount":24,"totalDist":"8.7","paddleDist":"6.5","waveDist":"2.2","longestWaveDist":{"i":8,"dist":152},"longestWaveDur":{"i":5,"dur":30000},"longestPaddleDist":{"i":23,"dist":843},"longestPaddleDur":{"i":23,"dur":1103000},"beachDirection":"97.4","beachArrow":{"start":[-41.556433,175.221856],"end":[-41.55643311555083,175.22185646498926]}}