{
    "time": "09:46:27",
    "dur": 5333000,
    "waveCount": 16,
    "totalDist": "6.6",
    "paddleDist": "5.9",
    "waveDist": "0.70",
    "longestWaveDist": {
        "i": 5,
        "dist": 124
    },
    "longestWaveDur": {
        "i": 5,
        "dur": 26000
    },
    "longestPaddleDist": {
        "i": 1,
        "dist": 1065
    },
    "longestPaddleDur": {
        "i": 1,
        "dur": 954000
    },
    "beachDirection": "285",
    "beachArrow": {
        "start": [
            -41.329018,
            174.796888
        ],
        "end": [
            -41.329017762158955,
            174.79688750276583
        ]
    }
}