{"time":"10:59:12","dur":5253000,"waveCount":30,"totalDist":"8.2","paddleDist":"6.6","waveDist":"1.6","longestWaveDist":{"i":27,"dist":154},"longestWaveDur":{"i":29,"dur":37000},"longestPaddleDist":{"i":10,"dist":565},"longestPaddleDur":{"i":20,"dur":453000},"beachDirection":"124","beachArrow":{"start":[-40.741172,175.110459],"end":[-40.7411725062714,175.11045960221398]}}