{"time":"15:30:01","dur":5581000,"waveCount":23,"totalDist":"6.2","paddleDist":"4.7","waveDist":"1.5","longestWaveDist":{"i":24,"dist":158},"longestWaveDur":{"i":24,"dur":36000},"longestPaddleDist":{"i":19,"dist":598},"longestPaddleDur":{"i":19,"dur":578000},"beachDirection":"256","beachArrow":{"start":[-43.571677,172.766542],"end":[-43.57167722155651,172.7665415047692]}}